name,label
kpop/00000222.jpg,kpop
kpop/00000026.jpg,kpop
kpop/00000297.png,kpop
kpop/00000052.jpg,kpop
kpop/00000205.jpg,kpop
kpop/00000208.jpg,kpop
kpop/00000176.jpg,kpop
kpop/00000123.jpg,kpop
kpop/00000145.jpg,kpop
kpop/00000132.jpg,kpop
kpop/00000136.jpg,kpop
kpop/00000237.jpg,kpop
kpop/00000294.jpg,kpop
kpop/00000248.jpg,kpop
kpop/00000152.jpg,kpop
kpop/00000213.jpg,kpop
kpop/00000130.jpg,kpop
kpop/00000299.jpg,kpop
kpop/00000013.jpg,kpop
kpop/00000231.png,kpop
kpop/00000268.jpg,kpop
kpop/00000058.jpg,kpop
kpop/00000188.jpg,kpop
kpop/00000211.jpg,kpop
kpop/00000046.jpg,kpop
kpop/00000057.png,kpop
kpop/00000195.gif,kpop
kpop/00000173.jpg,kpop
kpop/00000142.jpg,kpop
kpop/00000269.jpg,kpop
kpop/00000221.jpg,kpop
kpop/00000220.jpg,kpop
kpop/00000054.jpg,kpop
kpop/00000004.jpg,kpop
kpop/00000078.jpg,kpop
kpop/00000053.jpg,kpop
kpop/00000230.jpg,kpop
kpop/00000017.jpg,kpop
kpop/00000239.png,kpop
kpop/00000086.jpg,kpop
kpop/00000044.jpg,kpop
kpop/00000104.jpg,kpop
kpop/00000036.jpg,kpop
kpop/00000089.jpg,kpop
kpop/00000137.jpg,kpop
kpop/00000292.jpg,kpop
kpop/00000144.jpg,kpop
kpop/00000157.jpg,kpop
kpop/00000041.jpg,kpop
kpop/00000141.jpg,kpop
kpop/00000038.jpg,kpop
kpop/00000261.jpg,kpop
kpop/00000150.jpg,kpop
kpop/00000129.jpg,kpop
kpop/00000109.jpg,kpop
kpop/00000184.jpg,kpop
kpop/00000043.jpg,kpop
kpop/00000081.jpg,kpop
kpop/00000227.jpg,kpop
kpop/00000191.jpg,kpop
kpop/00000103.jpg,kpop
kpop/00000282.jpg,kpop
kpop/00000223.jpg,kpop
kpop/00000165.png,kpop
kpop/00000096.jpg,kpop
kpop/00000255.jpeg,kpop
kpop/00000265.jpg,kpop
kpop/00000117.jpg,kpop
kpop/00000112.jpg,kpop
kpop/00000072.jpg,kpop
kpop/00000147.jpg,kpop
kpop/00000064.jpg,kpop
kpop/00000015.jpg,kpop
kpop/00000296.jpg,kpop
kpop/00000009.JPG,kpop
kpop/00000124.jpg,kpop
kpop/00000051.jpg,kpop
kpop/00000160.jpg,kpop
kpop/00000094.jpg,kpop
kpop/00000162.jpg,kpop
kpop/00000001.jpg,kpop
kpop/00000295.jpg,kpop
kpop/00000048.jpg,kpop
kpop/00000203.jpg,kpop
kpop/00000167.jpg,kpop
kpop/00000182.jpg,kpop
kpop/00000183.jpg,kpop
kpop/00000125.jpg,kpop
kpop/00000006.jpg,kpop
kpop/00000127.jpg,kpop
kpop/00000027.jpg,kpop
kpop/00000186.jpg,kpop
kpop/00000270.jpg,kpop
kpop/00000178.jpeg,kpop
kpop/00000061.JPG,kpop
kpop/00000095.jpg,kpop
kpop/00000175.jpg,kpop
kpop/00000283.jpg,kpop
kpop/00000156.jpg,kpop
kpop/00000087.jpg,kpop
kpop/00000018.jpg,kpop
kpop/00000158.jpg,kpop
kpop/00000240.jpg,kpop
kpop/00000288.jpg,kpop
kpop/00000079.jpg,kpop
kpop/00000276.jpg,kpop
kpop/00000133.png,kpop
kpop/00000119.jpg,kpop
kpop/00000253.jpg,kpop
kpop/00000008.jpg,kpop
kpop/00000206.jpg,kpop
kpop/00000215.jpg,kpop
kpop/00000077.jpg,kpop
kpop/00000260.jpg,kpop
kpop/00000218.jpg,kpop
kpop/00000200.jpg,kpop
kpop/00000105.jpg,kpop
kpop/00000022.jpg,kpop
kpop/00000290.jpg,kpop
kpop/00000033.jpg,kpop
kpop/00000032.jpg,kpop
kpop/00000207.jpg,kpop
kpop/00000202.jpg,kpop
kpop/00000293.jpg,kpop
kpop/00000258.jpg,kpop
kpop/00000277.jpg,kpop
kpop/00000159.png,kpop
kpop/00000171.jpg,kpop
kpop/00000185.jpg,kpop
kpop/00000003.jpg,kpop
kpop/00000273.jpg,kpop
kpop/00000028.png,kpop
kpop/00000030.jpg,kpop
kpop/00000059.jpg,kpop
kpop/00000047.jpg,kpop
kpop/00000074.jpg,kpop
kpop/00000201.jpg,kpop
kpop/00000062.jpg,kpop
kpop/00000143.jpg,kpop
kpop/00000050.jpg,kpop
kpop/00000019.jpg,kpop
kpop/00000063.jpg,kpop
kpop/00000256.jpg,kpop
kpop/00000140.jpg,kpop
kpop/00000291.jpg,kpop
kpop/00000014.JPG,kpop
kpop/00000244.jpg,kpop
kpop/00000045.jpg,kpop
kpop/00000267.jpg,kpop
kpop/00000120.jpg,kpop
kpop/00000209.jpg,kpop
kpop/00000126.jpg,kpop
kpop/00000235.jpg,kpop
kpop/00000198.jpg,kpop
kpop/00000031.jpg,kpop
kpop/00000247.jpg,kpop
kpop/00000148.jpg,kpop
kpop/00000210.jpg,kpop
kpop/00000138.jpg,kpop
kpop/00000021.jpg,kpop
kpop/00000232.jpg,kpop
kpop/00000234.jpg,kpop
kpop/00000097.jpg,kpop
kpop/00000121.jpg,kpop
kpop/00000281.jpg,kpop
kpop/00000023.jpg,kpop
kpop/00000114.jpeg,kpop
kpop/00000085.JPG,kpop
kpop/00000166.jpg,kpop
kpop/00000149.jpg,kpop
kpop/00000228.jpg,kpop
kpop/00000236.jpg,kpop
kpop/00000289.jpg,kpop
kpop/00000068.jpg,kpop
kpop/00000229.jpg,kpop
kpop/00000153.jpg,kpop
kpop/00000011.jpg,kpop
kpop/00000243.jpg,kpop
kpop/00000254.jpg,kpop
kpop/00000039.jpg,kpop
kpop/00000179.jpg,kpop
kpop/00000259.jpg,kpop
kpop/00000224.jpg,kpop
kpop/00000025.jpg,kpop
kpop/00000154.jpg,kpop
kpop/00000042.jpg,kpop
kpop/00000049.jpg,kpop
kpop/00000212.jpg,kpop
kpop/00000107.jpg,kpop
kpop/00000172.jpg,kpop
kpop/00000233.jpg,kpop
kpop/00000226.jpg,kpop
kpop/00000122.jpg,kpop
kpop/00000245.jpg,kpop
kpop/00000080.jpg,kpop
kpop/00000012.jpg,kpop
kpop/00000170.jpg,kpop
kpop/00000177.jpg,kpop
kpop/00000035.jpg,kpop
kpop/00000016.jpg,kpop
kpop/00000060.jpg,kpop
kpop/00000199.jpg,kpop
kpop/00000070.jpg,kpop
kpop/00000037.jpg,kpop
kpop/00000099.jpg,kpop
kpop/00000090.jpg,kpop
kpop/00000242.jpg,kpop
kpop/00000272.jpg,kpop
kpop/00000262.jpg,kpop
kpop/00000083.jpg,kpop
kpop/00000187.jpg,kpop
kpop/00000257.jpg,kpop
kpop/00000034.jpg,kpop
kpop/00000092.jpg,kpop
kpop/00000180.jpg,kpop
kpop/00000164.jpg,kpop
kpop/00000091.jpg,kpop
kpop/00000194.jpg,kpop
kpop/00000139.jpg,kpop
kpop/00000115.png,kpop
kpop/00000219.jpg,kpop
kpop/00000069.jpg,kpop
kpop/00000118.jpg,kpop
kpop/00000066.jpg,kpop
kpop/00000266.jpg,kpop
kpop/00000024.jpg,kpop
kpop/00000216.jpg,kpop
kpop/00000076.jpg,kpop
kpop/00000134.jpeg,kpop
kpop/00000181.png,kpop
kpop/00000275.jpg,kpop
kpop/00000108.jpg,kpop
kpop/00000204.jpg,kpop
kpop/00000020.jpg,kpop
kpop/00000278.png,kpop
kpop/00000073.jpg,kpop
hiphop/00000026.jpg,hiphop
hiphop/00000075.png,hiphop
hiphop/00000205.jpg,hiphop
hiphop/00000064.png,hiphop
hiphop/00000123.jpg,hiphop
hiphop/00000188.gif,hiphop
hiphop/00000145.jpg,hiphop
hiphop/00000132.jpg,hiphop
hiphop/00000237.jpg,hiphop
hiphop/00000248.jpg,hiphop
hiphop/00000152.jpg,hiphop
hiphop/00000130.jpg,hiphop
hiphop/00000299.jpg,hiphop
hiphop/00000013.jpg,hiphop
hiphop/00000197.jpg,hiphop
hiphop/00000058.jpg,hiphop
hiphop/00000225.png,hiphop
hiphop/00000189.jpg,hiphop
hiphop/00000046.png,hiphop
hiphop/00000067.jpg,hiphop
hiphop/00000177.png,hiphop
hiphop/00000231.jpg,hiphop
hiphop/00000047.jpeg,hiphop
hiphop/00000142.jpg,hiphop
hiphop/00000161.png,hiphop
hiphop/00000269.jpg,hiphop
hiphop/00000221.jpg,hiphop
hiphop/00000220.jpg,hiphop
hiphop/00000054.jpg,hiphop
hiphop/00000282.gif,hiphop
hiphop/00000017.jpg,hiphop
hiphop/00000088.jpg,hiphop
hiphop/00000044.jpg,hiphop
hiphop/00000089.jpg,hiphop
hiphop/00000137.jpg,hiphop
hiphop/00000144.jpg,hiphop
hiphop/00000157.jpg,hiphop
hiphop/00000005.jpg,hiphop
hiphop/00000041.jpg,hiphop
hiphop/00000141.jpg,hiphop
hiphop/00000261.jpg,hiphop
hiphop/00000298.jpg,hiphop
hiphop/00000150.jpg,hiphop
hiphop/00000214.jpg,hiphop
hiphop/00000098.jpg,hiphop
hiphop/00000184.jpg,hiphop
hiphop/00000043.jpg,hiphop
hiphop/00000271.jpg,hiphop
hiphop/00000009.png,hiphop
hiphop/00000227.jpg,hiphop
hiphop/00000114.jpg,hiphop
hiphop/00000103.jpg,hiphop
hiphop/00000082.png,hiphop
hiphop/00000100.jpg,hiphop
hiphop/00000265.jpg,hiphop
hiphop/00000072.jpg,hiphop
hiphop/00000002.jpg,hiphop
hiphop/00000147.jpg,hiphop
hiphop/00000015.jpg,hiphop
hiphop/00000037.png,hiphop
hiphop/00000296.jpg,hiphop
hiphop/00000056.jpg,hiphop
hiphop/00000065.jpg,hiphop
hiphop/00000284.png,hiphop
hiphop/00000124.jpg,hiphop
hiphop/00000051.jpg,hiphop
hiphop/00000128.jpg,hiphop
hiphop/00000162.jpg,hiphop
hiphop/00000001.jpg,hiphop
hiphop/00000295.jpg,hiphop
hiphop/00000203.jpg,hiphop
hiphop/00000102.jpg,hiphop
hiphop/00000279.jpg,hiphop
hiphop/00000167.jpg,hiphop
hiphop/00000182.jpg,hiphop
hiphop/00000183.jpg,hiphop
hiphop/00000125.jpg,hiphop
hiphop/00000006.jpg,hiphop
hiphop/00000127.jpg,hiphop
hiphop/00000027.jpg,hiphop
hiphop/00000030.png,hiphop
hiphop/00000101.jpg,hiphop
hiphop/00000270.jpg,hiphop
hiphop/00000095.jpg,hiphop
hiphop/00000283.jpg,hiphop
hiphop/00000156.jpg,hiphop
hiphop/00000087.jpg,hiphop
hiphop/00000291.png,hiphop
hiphop/00000160.gif,hiphop
hiphop/00000018.jpg,hiphop
hiphop/00000158.jpg,hiphop
hiphop/00000240.jpg,hiphop
hiphop/00000288.jpg,hiphop
hiphop/00000276.jpg,hiphop
hiphop/00000119.jpg,hiphop
hiphop/00000217.jpg,hiphop
hiphop/00000253.jpg,hiphop
hiphop/00000241.jpg,hiphop
hiphop/00000008.jpg,hiphop
hiphop/00000206.jpg,hiphop
hiphop/00000297.jpg,hiphop
hiphop/00000215.jpg,hiphop
hiphop/00000218.jpg,hiphop
hiphop/00000105.jpg,hiphop
hiphop/00000190.png,hiphop
hiphop/00000168.png,hiphop
hiphop/00000207.jpg,hiphop
hiphop/00000202.jpg,hiphop
hiphop/00000293.jpg,hiphop
hiphop/00000277.jpg,hiphop
hiphop/00000086.png,hiphop
hiphop/00000171.jpg,hiphop
hiphop/00000185.jpg,hiphop
hiphop/00000003.jpg,hiphop
hiphop/00000165.jpg,hiphop
hiphop/00000059.jpg,hiphop
hiphop/00000201.jpg,hiphop
hiphop/00000050.jpg,hiphop
hiphop/00000195.jpg,hiphop
hiphop/00000159.jpg,hiphop
hiphop/00000063.jpg,hiphop
hiphop/00000256.jpg,hiphop
hiphop/00000140.jpg,hiphop
hiphop/00000057.gif,hiphop
hiphop/00000180.png,hiphop
hiphop/00000120.jpg,hiphop
hiphop/00000126.png,hiphop
hiphop/00000155.jpg,hiphop
hiphop/00000021.jpeg,hiphop
hiphop/00000235.jpg,hiphop
hiphop/00000198.jpg,hiphop
hiphop/00000031.jpg,hiphop
hiphop/00000239.jpg,hiphop
hiphop/00000247.jpg,hiphop
hiphop/00000148.jpg,hiphop
hiphop/00000078.png,hiphop
hiphop/00000210.jpg,hiphop
hiphop/00000285.jpg,hiphop
hiphop/00000138.jpg,hiphop
hiphop/00000176.png,hiphop
hiphop/00000232.jpg,hiphop
hiphop/00000029.jpg,hiphop
hiphop/00000234.jpg,hiphop
hiphop/00000097.jpg,hiphop
hiphop/00000193.png,hiphop
hiphop/00000121.jpg,hiphop
hiphop/00000262.gif,hiphop
hiphop/00000281.jpg,hiphop
hiphop/00000073.jpeg,hiphop
hiphop/00000048.png,hiphop
hiphop/00000151.jpg,hiphop
hiphop/00000023.jpg,hiphop
hiphop/00000149.jpg,hiphop
hiphop/00000040.jpeg,hiphop
hiphop/00000085.jpg,hiphop
hiphop/00000228.jpg,hiphop
hiphop/00000290.png,hiphop
hiphop/00000111.jpg,hiphop
hiphop/00000278.jpg,hiphop
hiphop/00000169.jpg,hiphop
hiphop/00000260.jpeg,hiphop
hiphop/00000289.jpg,hiphop
hiphop/00000068.jpg,hiphop
hiphop/00000077.png,hiphop
hiphop/00000229.jpg,hiphop
hiphop/00000153.jpg,hiphop
hiphop/00000196.jpg,hiphop
hiphop/00000255.jpg,hiphop
hiphop/00000254.jpg,hiphop
hiphop/00000039.jpg,hiphop
hiphop/00000259.jpg,hiphop
hiphop/00000224.jpg,hiphop
hiphop/00000025.jpg,hiphop
hiphop/00000274.jpg,hiphop
hiphop/00000154.jpg,hiphop
hiphop/00000175.jpeg,hiphop
hiphop/00000049.jpeg,hiphop
hiphop/00000042.jpg,hiphop
hiphop/00000230.png,hiphop
hiphop/00000212.jpg,hiphop
hiphop/00000107.jpg,hiphop
hiphop/00000233.jpg,hiphop
hiphop/00000079.png,hiphop
hiphop/00000163.jpg,hiphop
hiphop/00000226.jpg,hiphop
hiphop/00000245.jpg,hiphop
hiphop/00000080.jpg,hiphop
hiphop/00000012.jpg,hiphop
hiphop/00000010.png,hiphop
hiphop/00000170.jpg,hiphop
hiphop/00000035.jpg,hiphop
hiphop/00000246.jpg,hiphop
hiphop/00000016.jpg,hiphop
hiphop/00000060.jpg,hiphop
hiphop/00000070.jpg,hiphop
hiphop/00000113.jpg,hiphop
hiphop/00000099.jpg,hiphop
hiphop/00000061.jpg,hiphop
hiphop/00000242.jpg,hiphop
hiphop/00000272.jpg,hiphop
hiphop/00000014.jpg,hiphop
hiphop/00000083.jpg,hiphop
hiphop/00000134.jpg,hiphop
hiphop/00000280.jpg,hiphop
hiphop/00000251.jpg,hiphop
hiphop/00000034.jpg,hiphop
hiphop/00000092.jpg,hiphop
hiphop/00000118.png,hiphop
hiphop/00000093.jpg,hiphop
hiphop/00000164.jpg,hiphop
hiphop/00000194.jpg,hiphop
hiphop/00000115.jpg,hiphop
hiphop/00000264.jpg,hiphop
hiphop/00000066.jpg,hiphop
hiphop/00000266.jpg,hiphop
hiphop/00000022.png,hiphop
hiphop/00000076.jpg,hiphop
hiphop/00000181.png,hiphop
hiphop/00000275.jpg,hiphop
hiphop/00000108.jpg,hiphop
hiphop/00000204.jpg,hiphop
hiphop/00000020.jpg,hiphop
hiphop/00000110.jpg,hiphop
hiphop/00000286.jpg,hiphop
hiphop/00000249.jpeg,hiphop
hiphop/00000062.png,hiphop
barbershop/00000264.png,barbershop
barbershop/00000222.jpg,barbershop
barbershop/00000026.jpg,barbershop
barbershop/00000052.jpg,barbershop
barbershop/00000168.jpg,barbershop
barbershop/00000193.jpg,barbershop
barbershop/00000176.jpg,barbershop
barbershop/00000123.jpg,barbershop
barbershop/00000106.jpg,barbershop
barbershop/00000178.jpg,barbershop
barbershop/00000132.jpg,barbershop
barbershop/00000136.jpg,barbershop
barbershop/00000294.jpg,barbershop
barbershop/00000152.jpg,barbershop
barbershop/00000013.jpg,barbershop
barbershop/00000247.JPG,barbershop
barbershop/00000097.JPG,barbershop
barbershop/00000197.jpg,barbershop
barbershop/00000268.jpg,barbershop
barbershop/00000058.jpg,barbershop
barbershop/00000188.jpg,barbershop
barbershop/00000046.jpg,barbershop
barbershop/00000228.gif,barbershop
barbershop/00000161.jpg,barbershop
barbershop/00000189.jpg,barbershop
barbershop/00000007.jpg,barbershop
barbershop/00000260.png,barbershop
barbershop/00000173.jpg,barbershop
barbershop/00000104.gif,barbershop
barbershop/00000221.jpg,barbershop
barbershop/00000249.jpg,barbershop
barbershop/00000054.jpg,barbershop
barbershop/00000004.jpg,barbershop
barbershop/00000181.jpg,barbershop
barbershop/00000053.jpg,barbershop
barbershop/00000230.jpg,barbershop
barbershop/00000017.jpg,barbershop
barbershop/00000157.png,barbershop
barbershop/00000086.jpg,barbershop
barbershop/00000088.jpg,barbershop
barbershop/00000036.jpg,barbershop
barbershop/00000089.jpg,barbershop
barbershop/00000151.png,barbershop
barbershop/00000137.jpg,barbershop
barbershop/00000124.png,barbershop
barbershop/00000292.jpg,barbershop
barbershop/00000144.jpg,barbershop
barbershop/00000041.jpg,barbershop
barbershop/00000038.jpg,barbershop
barbershop/00000298.jpg,barbershop
barbershop/00000150.jpg,barbershop
barbershop/00000085.png,barbershop
barbershop/00000214.jpg,barbershop
barbershop/00000098.jpg,barbershop
barbershop/00000109.jpg,barbershop
barbershop/00000184.jpg,barbershop
barbershop/00000075.jpg,barbershop
barbershop/00000057.jpg,barbershop
barbershop/00000227.jpg,barbershop
barbershop/00000191.jpg,barbershop
barbershop/00000040.jpg,barbershop
barbershop/00000071.png,barbershop
barbershop/00000190.JPG,barbershop
barbershop/00000010.jpg,barbershop
barbershop/00000114.jpg,barbershop
barbershop/00000250.jpg,barbershop
barbershop/00000223.jpg,barbershop
barbershop/00000135.jpg,barbershop
barbershop/00000235.png,barbershop
barbershop/00000096.jpg,barbershop
barbershop/00000117.jpg,barbershop
barbershop/00000081.png,barbershop
barbershop/00000112.jpg,barbershop
barbershop/00000072.jpg,barbershop
barbershop/00000002.jpg,barbershop
barbershop/00000147.jpg,barbershop
barbershop/00000064.jpg,barbershop
barbershop/00000015.png,barbershop
barbershop/00000056.jpg,barbershop
barbershop/00000065.jpg,barbershop
barbershop/00000051.jpg,barbershop
barbershop/00000160.jpg,barbershop
barbershop/00000094.jpg,barbershop
barbershop/00000001.jpg,barbershop
barbershop/00000048.jpg,barbershop
barbershop/00000203.jpg,barbershop
barbershop/00000102.jpg,barbershop
barbershop/00000279.jpg,barbershop
barbershop/00000167.jpg,barbershop
barbershop/00000183.jpg,barbershop
barbershop/00000125.jpg,barbershop
barbershop/00000127.jpg,barbershop
barbershop/00000101.jpg,barbershop
barbershop/00000042.gif,barbershop
barbershop/00000285.jpeg,barbershop
barbershop/00000175.jpg,barbershop
barbershop/00000207.jpeg,barbershop
barbershop/00000087.jpg,barbershop
barbershop/00000018.jpg,barbershop
barbershop/00000276.jpg,barbershop
barbershop/00000299.png,barbershop
barbershop/00000119.jpg,barbershop
barbershop/00000217.jpg,barbershop
barbershop/00000253.jpg,barbershop
barbershop/00000008.jpg,barbershop
barbershop/00000206.jpg,barbershop
barbershop/00000077.jpg,barbershop
barbershop/00000028.jpg,barbershop
barbershop/00000218.jpg,barbershop
barbershop/00000022.jpg,barbershop
barbershop/00000290.jpg,barbershop
barbershop/00000033.jpg,barbershop
barbershop/00000032.jpg,barbershop
barbershop/00000202.jpg,barbershop
barbershop/00000293.jpg,barbershop
barbershop/00000000.jpg,barbershop
barbershop/00000258.jpg,barbershop
barbershop/00000083.png,barbershop
barbershop/00000171.jpg,barbershop
barbershop/00000003.jpg,barbershop
barbershop/00000273.jpg,barbershop
barbershop/00000030.jpg,barbershop
barbershop/00000165.jpg,barbershop
barbershop/00000059.jpg,barbershop
barbershop/00000047.jpg,barbershop
barbershop/00000074.jpg,barbershop
barbershop/00000238.jpg,barbershop
barbershop/00000201.jpg,barbershop
barbershop/00000062.jpg,barbershop
barbershop/00000019.jpg,barbershop
barbershop/00000159.jpg,barbershop
barbershop/00000256.jpg,barbershop
barbershop/00000291.jpg,barbershop
barbershop/00000244.jpg,barbershop
barbershop/00000045.jpg,barbershop
barbershop/00000021.png,barbershop
barbershop/00000209.jpg,barbershop
barbershop/00000155.jpg,barbershop
barbershop/00000198.jpg,barbershop
barbershop/00000213.png,barbershop
barbershop/00000239.jpg,barbershop
barbershop/00000210.jpg,barbershop
barbershop/00000029.jpg,barbershop
barbershop/00000252.jpg,barbershop
barbershop/00000012.jpeg,barbershop
barbershop/00000281.jpg,barbershop
barbershop/00000149.jpg,barbershop
barbershop/00000225.jpg,barbershop
barbershop/00000084.jpg,barbershop
barbershop/00000229.png,barbershop
barbershop/00000236.jpg,barbershop
barbershop/00000262.png,barbershop
barbershop/00000278.jpg,barbershop
barbershop/00000241.png,barbershop
barbershop/00000289.jpg,barbershop
barbershop/00000196.jpg,barbershop
barbershop/00000243.jpg,barbershop
barbershop/00000255.jpg,barbershop
barbershop/00000254.jpg,barbershop
barbershop/00000179.jpg,barbershop
barbershop/00000259.jpg,barbershop
barbershop/00000224.jpg,barbershop
barbershop/00000093.png,barbershop
barbershop/00000025.jpg,barbershop
barbershop/00000154.jpg,barbershop
barbershop/00000049.jpg,barbershop
barbershop/00000055.png,barbershop
barbershop/00000023.png,barbershop
barbershop/00000212.jpg,barbershop
barbershop/00000107.jpg,barbershop
barbershop/00000172.jpg,barbershop
barbershop/00000233.jpg,barbershop
barbershop/00000163.jpg,barbershop
barbershop/00000226.jpg,barbershop
barbershop/00000128.png,barbershop
barbershop/00000122.jpg,barbershop
barbershop/00000245.jpg,barbershop
barbershop/00000080.jpg,barbershop
barbershop/00000280.png,barbershop
barbershop/00000177.jpg,barbershop
barbershop/00000246.jpg,barbershop
barbershop/00000016.jpg,barbershop
barbershop/00000060.jpg,barbershop
barbershop/00000037.jpg,barbershop
barbershop/00000169.JPG,barbershop
barbershop/00000073.png,barbershop
barbershop/00000113.jpg,barbershop
barbershop/00000138.jpeg,barbershop
barbershop/00000063.png,barbershop
barbershop/00000061.jpg,barbershop
barbershop/00000090.jpg,barbershop
barbershop/00000242.jpg,barbershop
barbershop/00000187.jpg,barbershop
barbershop/00000134.jpg,barbershop
barbershop/00000251.jpg,barbershop
barbershop/00000257.jpg,barbershop
barbershop/00000034.jpg,barbershop
barbershop/00000092.jpg,barbershop
barbershop/00000180.jpg,barbershop
barbershop/00000192.jpg,barbershop
barbershop/00000118.png,barbershop
barbershop/00000164.jpg,barbershop
barbershop/00000091.jpg,barbershop
barbershop/00000139.jpg,barbershop
barbershop/00000115.png,barbershop
barbershop/00000009.jpg,barbershop
barbershop/00000069.jpg,barbershop
barbershop/00000095.png,barbershop
barbershop/00000066.jpg,barbershop
barbershop/00000266.jpg,barbershop
barbershop/00000024.jpg,barbershop
barbershop/00000216.jpg,barbershop
barbershop/00000261.png,barbershop
barbershop/00000076.jpg,barbershop
barbershop/00000200.jpeg,barbershop
barbershop/00000275.jpg,barbershop
barbershop/00000110.jpg,barbershop
barbershop/00000116.jpg,barbershop
